Fraction:,,,,,,,1,,,2,,,3,,,4,,,5,,,6,,,7,,,8,,,9,,,10,,,11,,,12,,,13,,,14,,,15,,,
gi,Peptide qValue,Peptide EValue,Peptide Sequence,Peptide Mass [Da],Peptide    Start-Stop,Protein defLine,1,16,31,2,17,32,3,18,33,4,19,34,5,20,35,6,21,36,7,22,37,8,23,38,9,24,39,10,25,40,11,26,41,12,27,42,13,28,43,14,29,44,15,30,45,
1322280,0.00974,2.12E-002,NFRYLNRGcTRFFAnKETDKQILQnRKSPEYVK,4122.09,"270,D;302,A",unconventional myosin VI,0,0,0,0,0,0,0,0,0,0,0,0,0,0,0,0,0,0,0,0,0,0,0,0,0,0,0,0,0,0,0,0,0,0,0,0,0,0,0,1,0,1,0,0,0,2
6671672,0.00076,1.90E-006,PRPYEAENAIESWR,1716.82,"108,D;121,T",F-actin-capping protein subunit alpha-2,0,0,0,0,0,0,0,0,0,0,0,0,0,0,0,0,0,0,0,0,0,0,0,0,0,0,0,0,0,0,0,1,1,0,0,0,0,0,0,0,0,0,0,0,0,2
6678467,0.00075,1.63E-006,IERPTYTNLNR,1375.72,"219,D;229,L",tubulin alpha-4A chain,0,0,0,0,0,0,0,0,0,0,0,0,0,0,0,0,0,0,0,0,0,0,0,0,1,1,2,0,0,0,0,0,0,0,0,0,0,0,0,0,0,0,0,0,0,3
6679261,0.00863,1.41E-002,PEPPLEELGYHIYSSDPPFEVR,2570.23,"357,D;378,G","pyruvate dehydrogenase E1 component subunit alpha, somatic form, mitochondrial precursor",0,0,0,0,0,0,0,0,0,0,0,0,0,0,0,0,0,0,0,0,0,0,0,0,0,0,0,1,0,0,0,0,0,0,0,0,0,0,0,0,0,0,0,0,0,1
6680720,0.00354,9.37E-004,LGLQSLR,785.48,"143,D;149,F",ADP-ribosylation factor 4,0,0,0,0,0,0,0,0,0,0,0,0,0,0,0,0,0,0,0,0,0,0,0,0,0,0,0,0,0,0,0,0,0,0,0,0,0,0,0,1,0,1,0,0,0,2
6680924,0.00384,1.15E-003,PYTTFVK,854.45,"67,D;73,M",cofilin-1,0,0,0,0,0,0,0,0,0,0,0,0,0,0,0,0,0,0,0,0,0,0,0,0,0,0,0,0,0,0,0,0,0,0,0,0,0,0,0,1,1,1,0,0,0,3
6680954,0.00050,4.26E-008,PPIIEGNMESAK,1284.64,"658,D;669,A",contactin-1 precursor,0,0,0,0,0,0,0,1,1,0,0,0,0,0,0,0,0,0,0,0,0,0,0,0,0,0,0,0,0,0,0,0,0,0,0,0,0,0,0,0,0,0,0,0,0,2
6680954,0.00437,1.68E-003,PPYHFPDDLSYR,1505.69,"160,D;171,W",contactin-1 precursor,0,0,0,0,0,0,1,1,0,0,0,0,0,0,0,0,0,0,0,0,0,0,0,0,0,0,0,0,0,0,0,0,0,0,0,0,0,0,0,0,0,0,0,0,0,2
6681079,0.00042,1.76E-008,IDLPETFDAR,1175.58,"78,D;87,E",cathepsin B preproprotein,0,0,0,0,0,0,0,0,0,0,0,0,0,0,0,0,0,0,0,0,0,0,0,0,0,0,0,0,0,0,0,0,0,1,2,2,0,0,0,0,0,0,0,0,0,3
6681079,0.00333,7.63E-004,LPETFDAR,947.47,"80,D;87,E",cathepsin B preproprotein,0,0,0,0,0,0,0,0,0,0,0,0,0,0,0,0,0,0,0,0,0,0,0,0,0,0,0,0,0,0,0,0,0,1,1,1,0,1,0,0,0,0,0,0,0,4
6752954,0.00000,9.34E-020,GVTHTVPIYEGYALPHAILR,2206.19,"158,D;177,L","actin, cytoplasmic 2",0,0,0,0,0,0,0,0,0,0,0,0,0,0,0,0,0,0,0,0,0,0,0,0,0,0,0,0,0,2,0,0,0,0,1,0,0,5,0,0,0,0,0,6,0,4
6752954,0.00000,3.15E-017,SGDGVTHTVPIYEGYALPHAILR,2465.27,"155,D;177,L","actin, cytoplasmic 2",0,0,0,0,0,0,0,0,0,0,0,0,0,0,0,0,0,0,0,0,0,0,0,0,0,0,0,1,1,2,0,0,0,0,0,0,0,0,0,0,0,0,0,0,0,3
6752954,0.00042,1.71E-008,GQVITIGNER,1085.58,"245,D;254,F","actin, cytoplasmic 2",0,2,0,0,1,0,0,0,0,0,0,0,0,0,0,0,0,0,0,0,0,0,0,0,0,0,0,1,0,1,0,0,0,0,0,0,0,0,0,0,1,0,0,4,0,6
6754012,0.00146,4.78E-005,RIGAGDYQPTEQDILR,1830.92,"162,D;177,T",guanine nucleotide-binding protein G(o) subunit alpha isoform A,0,0,0,0,0,0,0,0,0,0,0,0,0,0,0,0,0,0,0,0,0,0,0,0,0,0,0,0,0,0,0,0,0,0,0,0,0,2,0,0,0,0,0,0,0,1
6755863,0.00061,4.67E-007,VDGTVEEDLGK,1160.56,"27,D;37,S",endoplasmin precursor,0,0,0,0,0,0,0,0,0,0,0,0,0,2,0,0,0,0,0,0,0,0,0,0,0,0,0,0,0,0,0,0,0,0,0,0,0,0,0,0,0,0,0,0,0,1
6755863,0.00129,3.22E-005,GTVEEDLGK,946.46,"29,D;37,S",endoplasmin precursor,0,0,0,0,0,0,0,0,0,0,0,0,0,2,1,0,0,0,0,0,0,0,0,0,0,0,0,0,0,0,0,0,0,0,0,0,0,0,0,0,0,0,0,0,0,2
6755863,0.00298,4.19E-004,GLNASQIR,857.47,"60,D;67,E",endoplasmin precursor,0,0,0,0,0,0,0,0,0,0,0,0,0,2,0,0,0,0,0,0,0,0,0,0,0,0,0,0,0,0,0,0,0,0,0,0,0,0,0,0,0,0,0,0,0,1
6755965,0.00780,1.04E-002,PTASISAK,773.43,"241,D;248,V",voltage-dependent anion-selective channel protein 2,0,0,0,0,0,0,0,0,0,0,0,0,0,0,0,0,0,0,0,0,0,0,0,0,0,0,0,0,0,0,1,2,0,0,0,0,0,0,0,0,0,0,0,0,0,2
7106439,0.00512,2.75E-003,SVLDVVRK,914.55,"115,D;122,E",tubulin beta-5 chain,0,0,0,0,0,0,0,0,0,0,0,0,0,0,0,0,0,0,0,0,0,0,0,0,0,0,0,0,2,0,0,0,0,0,0,0,0,0,0,0,0,0,0,0,0,1
7106439,0.00573,3.88E-003,SVLDVVR,786.46,"115,D;121,K",tubulin beta-5 chain,0,0,0,0,0,0,0,0,0,0,0,0,0,0,0,0,0,0,0,0,0,0,0,0,0,0,0,0,1,0,0,0,0,0,0,0,0,0,0,0,0,0,0,0,0,1
7304855,0.00830,1.27E-002,PIGNLNTAFEVAEKYLDIPK,2231.18,"214,D;233,M",alpha-actinin-3,0,0,0,0,0,0,0,0,0,0,0,0,0,0,0,0,0,0,0,0,0,0,0,0,0,1,0,0,0,0,0,0,0,0,0,0,0,0,0,0,0,0,0,0,0,1
10946574,0.00340,8.15E-004,PNYVLSSR,934.49,"123,D;130,V",creatine kinase B-type,0,0,0,0,0,0,0,0,0,0,0,0,0,0,0,0,0,0,0,0,0,0,0,0,0,0,0,0,0,1,0,0,0,0,0,0,0,0,0,0,0,0,0,0,0,1
13445784,0.00969,2.07E-002,KKIAELESLTSR,1373.79,"777,D;788,Q",Rab6-interacting protein 2 isoform A,0,0,0,0,0,0,0,1,0,0,0,0,0,0,0,0,0,0,0,0,0,0,0,0,0,0,0,0,0,0,0,0,0,0,0,0,0,0,0,0,0,0,0,0,0,1
18875380,0.00042,3.36E-016,GKPVNLGLWDTAGQEDYDR,2133.01,"48,D;66,L",ras-related C3 botulinum toxin substrate 3 precursor,0,0,0,0,0,0,0,0,0,0,0,0,0,0,0,0,0,0,0,0,0,0,0,0,0,0,0,0,0,0,0,0,0,0,0,0,0,0,0,0,1,0,0,0,0,1
19527234,0.00433,1.64E-003,KVqFSNKSANMDHWQQRFPTHVK,2813.38,"203,D;225,D",methionine adenosyltransferase 2 subunit beta isoform 1,0,0,0,0,0,0,0,0,0,0,0,0,0,0,0,0,0,0,0,0,0,0,0,0,0,0,0,0,0,0,0,0,0,0,0,0,0,0,0,0,0,0,0,1,0,1
21312776,0.00042,6.67E-010,SAGTSPTAVLAAGEDAGAGRPGAGTPLR,2507.27,"10,D;37,Q",tumor protein p63-regulated gene 1-like protein,0,0,0,0,0,0,0,0,0,0,0,0,0,0,0,0,0,0,0,0,0,0,0,0,0,0,0,0,0,0,0,0,0,0,2,0,0,0,0,0,0,0,0,0,0,1
21450129,0.00056,1.05E-007,PIDFPLAPAYAVPK,1497.82,"319,D;332,V","acetyl-CoA acetyltransferase, mitochondrial precursor",0,0,0,0,0,0,0,0,0,0,0,0,0,0,0,0,0,0,0,0,0,0,0,0,0,0,0,1,0,1,0,0,0,0,0,0,0,0,0,0,0,0,0,0,0,2
21539599,0.00042,6.14E-015,PKEEEEEELVDPLTTVR,2012.00,"16,D;32,E","cytochrome b-c1 complex subunit 6, mitochondrial",0,0,0,0,0,0,0,0,0,0,0,0,0,0,0,0,0,0,0,0,0,0,0,0,0,0,0,0,0,0,0,0,0,0,0,0,0,0,0,0,0,0,1,2,2,3
21746161,0.00042,4.22E-012,PTGSYHGDSDLQLER,1673.77,"32,D;46,I",tubulin beta-2B chain,0,0,0,0,0,0,0,0,0,0,0,0,0,0,0,0,0,0,0,0,0,0,0,0,1,1,0,0,0,0,0,0,0,0,0,0,0,0,0,0,0,0,0,2,0,3
21961380,0.00999,2.32E-002,IAARLnIPVSqVNPRDAKAcVIHGTDLK,3057.64,"634,D;661,D",Atp1a3 protein,0,0,0,0,0,0,0,0,0,0,0,0,0,0,0,0,0,0,0,0,0,0,0,0,0,0,0,0,0,0,0,0,0,0,0,1,0,0,0,0,0,0,0,0,0,1
22164792,0.00982,2.17E-002,IASLTLLEISDLNELLK,1884.08,"72,D;88,K","39S ribosomal protein L12, mitochondrial precursor",0,0,0,0,0,1,0,0,0,0,0,0,0,0,0,0,0,0,0,0,0,0,0,0,0,0,0,0,0,0,0,0,0,0,0,0,0,0,0,0,0,0,0,0,0,1
24418933,0.00517,2.79E-003,ATAQRFPDR,1060.54,"80,D;88,E","acyl-CoA synthetase family member 2, mitochondrial precursor",0,0,0,0,0,0,0,0,0,0,0,0,0,0,0,0,0,0,0,0,0,0,0,0,0,0,1,0,0,0,0,0,0,0,0,0,0,0,0,0,0,0,0,0,0,1
27552760,0.00266,2.83E-004,EMYDKCIDLEPDNATTYVHK,2384.07,"500,D;519,G",mitochondrial import receptor subunit TOM70,0,0,0,0,0,0,0,0,0,0,0,0,0,0,0,0,0,1,0,0,0,0,0,0,0,0,0,0,0,0,0,0,0,0,0,0,0,0,0,0,0,0,0,0,0,1
28972688,0.00564,3.70E-003,ADRRVSqnSLGEMTK,1692.81,"777,D;791,L",mKIAA1250 protein,0,0,0,0,0,0,0,0,0,0,0,0,0,0,0,2,2,0,0,0,0,0,0,0,0,0,0,0,0,0,0,0,0,0,0,0,0,0,0,0,0,0,0,0,0,2
31982864,0.00059,3.99E-007,SSDSMDTGAGSIR,1282.55,"29,D;41,E","ATPase inhibitor, mitochondrial precursor",0,0,0,0,0,0,0,0,0,0,0,0,0,0,0,0,0,0,0,0,0,0,0,0,0,0,0,0,0,0,0,0,0,0,0,0,0,0,0,0,0,0,1,0,1,2
31982864,0.00440,1.80E-003,SMDTGAGSIR,993.45,"32,D;41,E","ATPase inhibitor, mitochondrial precursor",0,0,0,0,0,0,0,0,0,0,0,0,0,0,0,0,0,0,0,0,0,0,0,0,0,0,0,0,0,0,0,0,0,0,0,0,0,0,0,0,0,0,0,0,1,1
34610235,0.00042,8.04E-014,SSPIEIIDEFPTFVSAK,1878.96,"838,D;854,D",reticulon-4 isoform A,0,0,0,0,0,0,0,0,0,0,0,0,0,0,0,0,0,0,0,0,0,0,0,0,0,0,0,0,0,0,0,4,0,0,0,0,0,0,0,0,0,0,0,0,0,1
37359878,0.00328,6.78E-004,GIAEnGIQPLSSSEVDELIHK,2236.12,"184,D;204,A",mKIAA0270 protein,0,0,0,0,0,0,0,0,0,0,0,0,0,0,0,0,0,0,0,0,0,0,0,0,0,0,0,0,0,0,0,0,0,0,2,0,0,0,0,0,0,0,0,0,0,1
40849918,0.00298,4.10E-004,GPSVEAEPEYTFEGLR,1779.83,"2774,D;2789,Q",plectin 6,0,0,0,0,1,0,0,0,0,0,0,0,0,0,0,0,0,0,0,0,0,0,0,0,0,0,0,0,0,0,0,0,0,0,0,0,0,0,0,0,0,0,0,0,0,1
46852193,0.00992,2.25E-002,LDHQKNQVR,1136.61,"598,D;606,Q",progesterone-induced blocking factor 1 isoform a,0,0,0,0,0,0,0,0,0,0,0,0,0,0,0,0,0,0,0,0,0,0,0,0,0,0,0,0,0,0,0,0,0,0,0,0,0,0,0,0,1,0,0,0,0,1
52317148,0.00330,6.93E-004,SSLVPSLLSPVSSIGR,1597.90,"844,D;859,Q",AP-3 complex subunit beta-2,0,0,0,0,0,0,0,0,0,0,0,0,0,0,0,0,0,0,0,0,0,0,0,0,0,0,0,0,0,0,0,0,0,0,0,0,0,1,0,0,0,0,0,0,0,1
55769578,0.00254,2.43E-004,GSITNGnAqR,1018.47,"88,D;97,P",inaD-like protein isoform 1,0,0,0,0,0,0,0,0,0,0,0,0,0,0,0,0,0,0,0,0,0,0,0,0,0,0,0,0,0,0,0,0,0,0,0,0,0,0,0,0,0,0,0,0,1,1
62122363,0.00944,1.88E-002,QISRLEEREAELKK,1727.96,"141,D;154,E",JSAP2a,0,0,0,0,0,1,0,0,0,0,0,0,0,0,0,0,0,0,0,0,0,0,0,0,0,0,0,0,0,0,1,1,2,0,0,0,0,0,0,0,0,0,0,0,0,4
74137889,0.00101,1.60E-005,LERPLPTPQSEESR,1637.84,"106,D;119,A",unnamed protein product,0,0,0,0,0,0,0,0,0,0,0,0,0,0,0,0,0,0,0,0,0,0,0,0,0,0,0,0,0,0,0,0,0,0,0,0,0,1,0,0,0,0,0,0,0,1
74177667,0.00819,1.21E-002,PPPPEDDENKEK,1393.64,"69,D;80,R",unnamed protein product,0,0,0,0,0,0,0,0,0,0,0,0,0,0,0,0,0,0,0,0,0,0,0,0,0,0,0,0,0,0,0,0,0,0,0,0,0,0,0,0,1,0,0,0,0,1
74185445,0.00042,6.85E-010,FSLADAINTEFK,1354.68,"86,D;97,N",unnamed protein product,0,0,0,0,0,0,0,0,0,0,0,0,0,0,0,0,0,0,0,0,0,0,0,0,0,0,0,0,1,0,0,0,0,0,0,0,0,0,0,0,0,0,0,0,0,1
74188189,0.00105,1.82E-005,PGQDTYQHPPK,1266.60,"538,D;548,D",unnamed protein product,0,0,0,0,0,0,0,0,0,0,0,0,2,1,2,0,0,0,0,0,0,0,0,0,0,0,0,0,0,0,0,0,0,0,0,0,0,0,0,0,0,0,0,0,0,3
74197074,0.00042,5.93E-010,PNIVGNEHYDVAR,1482.72,"410,D;422,G",unnamed protein product,0,0,0,0,0,0,0,0,0,0,0,0,0,0,0,0,0,0,0,0,0,0,0,0,1,2,1,0,0,0,0,0,0,0,0,0,0,0,0,0,0,0,0,0,0,3
74197074,0.00157,6.61E-005,PAPATTFAHLDATTVLSR,1867.98,"370,D;387,A",unnamed protein product,0,0,0,0,0,0,0,0,0,0,0,0,0,0,0,0,0,0,0,0,0,0,0,0,0,1,0,0,0,0,0,0,0,0,0,0,0,0,0,0,0,0,0,0,0,1
74198651,0.00387,1.17E-003,PILGVTEAFKR,1229.71,"43,D;53,D",unnamed protein product,0,0,0,0,0,0,0,0,0,0,0,0,0,0,0,0,0,0,0,0,0,0,0,0,0,0,0,1,1,0,0,0,0,0,0,0,0,0,0,0,0,0,0,0,0,2
74212154,0.00144,4.40E-005,nVHPnYHKEPFLQQLK,1993.01,"430,D;445,V",unnamed protein product,0,1,0,0,0,1,0,1,0,1,0,0,0,0,0,1,0,0,0,0,1,1,0,0,1,0,0,0,1,0,0,0,0,0,0,0,1,0,0,0,1,0,1,0,2,13
85662410,0.00129,3.25E-005,DSTLLQDKYEHMLK,1719.85,"560,D;573,T",CAP-Gly domain-containing linker protein 2 isoform a,0,0,0,0,0,0,0,0,0,0,0,0,0,1,1,0,0,0,0,0,0,0,0,0,0,0,0,0,0,0,0,0,0,0,0,0,0,0,0,0,0,0,0,0,0,2
86262134,0.00042,3.69E-013,GPGPPGVTENVGQSLWEISESHFK,2551.23,"168,D;191,Y",pannexin-1,0,0,0,0,0,0,0,0,0,0,0,0,0,0,0,0,0,0,0,0,0,0,0,0,0,0,0,0,0,0,0,0,0,0,0,0,0,1,0,0,0,0,0,0,0,1
112807195,0.00506,2.65E-003,PYNMLPPK,958.50,"61,D;68,A","cytochrome c oxidase subunit 5B, mitochondrial",0,0,0,0,0,0,0,0,0,0,0,0,0,0,0,0,0,0,0,0,0,0,0,0,0,0,0,0,0,0,0,0,0,0,0,0,0,0,0,0,0,0,1,1,0,2
115648101,0.00689,6.98E-003,LqKELnKEAEEK,1459.74,"725,D;736,Q",centromere-associated protein E,0,0,0,0,0,0,0,0,0,0,0,0,0,0,0,0,0,1,0,0,0,0,0,0,0,0,0,0,0,0,0,0,0,0,0,0,0,1,0,0,0,0,0,0,0,2
117938332,0.00062,5.28E-007,PEDISVDHPDEK,1379.62,"253,D;264,S","spectrin beta chain, brain 1 isoform 1",0,0,0,0,0,0,0,1,0,0,0,0,0,0,0,0,0,0,0,0,0,0,0,0,0,0,0,0,0,0,0,0,0,0,0,0,0,0,0,0,0,0,0,0,0,1
148671255,0.00042,2.77E-010,GSYDDILNAEQLKK,1592.81,"50,D;63,L","mCG120101, isoform CRA_b",0,0,0,0,0,0,0,0,0,0,0,0,0,0,0,0,0,0,0,0,0,0,0,0,0,0,0,0,0,0,0,0,0,0,0,0,0,3,0,0,0,0,0,0,0,1
148680322,0.00287,3.75E-004,SSqKqGAGVTRGSEPSTEHSqK,2288.05,"2291,D;2312,E","ankyrin 2, brain, isoform CRA_b",0,0,0,0,0,0,0,0,0,0,0,0,0,0,0,0,0,0,0,1,0,0,0,0,0,0,0,0,0,0,0,0,0,0,0,0,0,0,0,0,0,0,0,0,0,1
160333553,0.00500,2.55E-003,PnEVKVVYLRcTGGEVGATSALAPK,2616.36,"7,D;31,I",60S ribosomal protein L12,0,0,0,0,0,0,0,0,0,0,0,0,0,0,0,0,0,0,0,0,0,0,0,0,0,0,0,0,0,0,0,0,0,0,0,0,0,0,0,1,0,2,0,0,0,2
225690610,0.00745,8.59E-003,GTAQKmqLGYRLQQIAAAVENK,2434.26,"2094,D;2115,V",plexin-B1 precursor,0,0,0,0,0,0,0,0,0,0,0,0,0,0,0,0,0,0,0,0,0,0,0,0,0,0,0,0,0,0,1,0,0,0,0,0,0,0,0,0,0,0,0,0,0,1
226958545,0.00298,4.22E-004,KPKKKKLKLNVDKSKELNK,2265.43,"1532,D;1550,L",lysine-specific demethylase 5A,0,0,0,0,0,0,0,0,0,0,0,0,0,0,0,0,0,0,0,0,1,0,0,0,0,1,0,0,0,0,0,0,0,0,0,0,0,0,0,0,0,0,0,0,0,2
254540166,0.00283,3.67E-004,PSVQQDIK,913.49,"107,D;114,F",78 kDa glucose-regulated protein precursor,0,0,0,0,0,0,0,0,0,0,0,0,0,0,0,0,1,0,0,0,0,0,0,0,0,0,0,0,0,0,0,0,0,0,0,0,0,0,0,0,0,0,0,0,0,1
295054266,0.00056,3.13E-007,QLGMRmQHNLEQQIQARNTTGVTEEALKEFSMmFK,4156.00,"2304,D;2338,H","spectrin alpha chain, brain isoform 2",1,0,0,0,0,0,0,0,0,0,1,0,0,0,0,0,0,0,0,0,0,0,0,0,0,0,0,0,0,0,0,0,0,0,0,0,0,0,0,0,0,0,0,0,0,2
295054266,0.00272,3.19E-004,PTNIQLSK,899.51,"1582,D;1589,L","spectrin alpha chain, brain isoform 2",0,0,0,0,0,0,0,0,0,0,1,0,0,0,0,0,0,0,0,0,0,0,0,0,0,0,0,0,0,0,0,0,0,0,0,0,0,0,0,0,0,0,0,0,0,1
312433955,0.00418,1.45E-003,TVASDPGVLqqqLATTKqLQEELAEHQVPVEK,3517.77,"3989,D;4020,L",microtubule-actin cross-linking factor 1 isoform 1,1,1,0,0,0,0,0,0,0,0,0,0,0,0,0,0,0,0,0,0,0,0,0,0,0,0,0,0,0,0,0,0,0,0,0,0,0,0,0,0,0,0,0,0,0,2
,,,,,,,2,3,0,0,2,3,1,5,1,1,2,0,1,5,3,2,2,2,0,1,2,1,0,0,4,6,3,5,6,5,3,4,2,2,5,3,1,8,0,4,6,4,4,6,5,